{"cameraMode":{"drawMode":0,"name":"Shaded","section":"Shading Mode"},"sceneLighting":true,"audioPlay":false,"sceneViewState":{"m_AlwaysRefresh":false,"showFog":true,"showSkybox":true,"showFlares":true,"showImageEffects":true,"showParticleSystems":true,"showVisualEffectGraphs":true,"m_FxEnabled":true},"in2DMode":false,"pivot":{"x":-57.812923431396487,"y":-23.716678619384767,"z":0.46376392245292666},"rotation":{"x":-0.15085241198539735,"y":0.7032966613769531,"z":-0.15675829350948335,"w":-0.6767898797988892},"size":39.93940353393555,"orthographic":false}